{
  "blocks": [
    { "type": "Floor", "x": 0, "y": 0 },
    { "type": "Floor", "x": 0, "y": 1 },
    { "type": "Floor", "x": 1, "y": 0 },
    { "type": "Floor", "x": 1, "y": 1 },
    { "type": "Floor", "x": 2, "y": 0 },
    { "type": "Floor", "x": 2, "y": 1 },
    { "type": "Floor", "x": 3, "y": 0 },
    { "type": "Floor", "x": 3, "y": 1 },
    { "type": "Floor", "x": 4, "y": 0 },
    { "type": "Floor", "x": 4, "y": 1 },
    { "type": "Floor", "x": 5, "y": 0 },
    { "type": "Floor", "x": 5, "y": 1 },
    { "type": "Floor", "x": 6, "y": 0 },
    { "type": "Floor", "x": 6, "y": 1 },
    { "type": "Floor", "x": 7, "y": 0 },
    { "type": "Floor", "x": 7, "y": 1 },
    { "type": "Floor", "x": 8, "y": 0 },
    { "type": "Floor", "x": 8, "y": 1 },
    { "type": "Floor", "x": 9, "y": 0 },
    { "type": "Floor", "x": 9, "y": 1 },
    { "type": "Floor", "x": 10, "y": 0 },
    { "type": "Floor", "x": 10, "y": 1 },
    { "type": "Floor", "x": 11, "y": 0 },
    { "type": "Floor", "x": 11, "y": 1 },
    { "type": "Floor", "x": 12, "y": 0 },
    { "type": "Floor", "x": 12, "y": 1 },
    { "type": "Floor", "x": 13, "y": 0 },
    { "type": "Floor", "x": 13, "y": 1 },
    { "type": "Floor", "x": 14, "y": 0 },
    { "type": "Floor", "x": 14, "y": 1 },
    { "type": "Floor", "x": 15, "y": 0 },
    { "type": "Floor", "x": 15, "y": 1 },
    { "type": "Floor", "x": 16, "y": 0 },
    { "type": "Floor", "x": 16, "y": 1 },
    { "type": "Floor", "x": 17, "y": 0 },
    { "type": "Floor", "x": 17, "y": 1 },
    { "type": "Floor", "x": 18, "y": 0 },
    { "type": "Floor", "x": 18, "y": 1 },
    { "type": "Floor", "x": 19, "y": 0 },
    { "type": "Floor", "x": 19, "y": 1 },
    { "type": "Floor", "x": 20, "y": 0 },
    { "type": "Floor", "x": 20, "y": 1 },
    { "type": "Floor", "x": 21, "y": 0 },
    { "type": "Floor", "x": 21, "y": 1 },
    { "type": "Floor", "x": 22, "y": 0 },
    { "type": "Floor", "x": 22, "y": 1 },
    { "type": "Floor", "x": 23, "y": 0 },
    { "type": "Floor", "x": 23, "y": 1 },
    { "type": "Floor", "x": 24, "y": 0 },
    { "type": "Floor", "x": 24, "y": 1 },
    { "type": "Floor", "x": 25, "y": 0 },
    { "type": "Floor", "x": 25, "y": 1 },
    { "type": "Floor", "x": 26, "y": 0 },
    { "type": "Floor", "x": 26, "y": 1 },
    { "type": "Floor", "x": 27, "y": 0 },
    { "type": "Floor", "x": 27, "y": 1 },
    { "type": "Floor", "x": 28, "y": 0 },
    { "type": "Floor", "x": 28, "y": 1 },
    { "type": "Floor", "x": 29, "y": 0 },
    { "type": "Floor", "x": 29, "y": 1 },
    { "type": "Floor", "x": 30, "y": 0 },
    { "type": "Floor", "x": 30, "y": 1 },
    { "type": "Floor", "x": 31, "y": 0 },
    { "type": "Floor", "x": 31, "y": 1 },
    { "type": "Floor", "x": 32, "y": 0 },
    { "type": "Floor", "x": 32, "y": 1 },
    { "type": "Floor", "x": 33, "y": 0 },
    { "type": "Floor", "x": 33, "y": 1 },
    { "type": "Floor", "x": 34, "y": 0 },
    { "type": "Floor", "x": 34, "y": 1 },
    { "type": "Floor", "x": 35, "y": 0 },
    { "type": "Floor", "x": 35, "y": 1 },
    { "type": "Floor", "x": 36, "y": 0 },
    { "type": "Floor", "x": 36, "y": 1 },
    { "type": "Floor", "x": 37, "y": 0 },
    { "type": "Floor", "x": 37, "y": 1 },
    { "type": "Floor", "x": 38, "y": 0 },
    { "type": "Floor", "x": 38, "y": 1 },
    { "type": "Floor", "x": 39, "y": 0 },
    { "type": "Floor", "x": 39, "y": 1 },
    { "type": "Floor", "x": 40, "y": 0 },
    { "type": "Floor", "x": 40, "y": 1 },
    { "type": "Floor", "x": 41, "y": 0 },
    { "type": "Floor", "x": 41, "y": 1 },
    { "type": "Floor", "x": 42, "y": 0 },
    { "type": "Floor", "x": 42, "y": 1 },
    { "type": "Floor", "x": 43, "y": 0 },
    { "type": "Floor", "x": 43, "y": 1 },
    { "type": "Floor", "x": 44, "y": 0 },
    { "type": "Floor", "x": 44, "y": 1 },
    { "type": "Floor", "x": 45, "y": 0 },
    { "type": "Floor", "x": 45, "y": 1 },
    { "type": "Floor", "x": 46, "y": 0 },
    { "type": "Floor", "x": 46, "y": 1 },
    { "type": "Floor", "x": 47, "y": 0 },
    { "type": "Floor", "x": 47, "y": 1 },
    { "type": "Floor", "x": 48, "y": 0 },
    { "type": "Floor", "x": 48, "y": 1 },
    { "type": "Floor", "x": 49, "y": 0 },
    { "type": "Floor", "x": 49, "y": 1 },
    { "type": "Floor", "x": 50, "y": 0 },
    { "type": "Floor", "x": 50, "y": 1 },
    { "type": "Floor", "x": 51, "y": 0 },
    { "type": "Floor", "x": 51, "y": 1 },
    { "type": "Floor", "x": 52, "y": 0 },
    { "type": "Floor", "x": 52, "y": 1 },
    { "type": "Floor", "x": 53, "y": 0 },
    { "type": "Floor", "x": 53, "y": 1 },
    { "type": "Floor", "x": 54, "y": 0 },
    { "type": "Floor", "x": 54, "y": 1 },
    { "type": "Floor", "x": 55, "y": 0 },
    { "type": "Floor", "x": 55, "y": 1 },
    { "type": "Floor", "x": 56, "y": 0 },
    { "type": "Floor", "x": 56, "y": 1 },
    { "type": "Floor", "x": 57, "y": 0 },
    { "type": "Floor", "x": 57, "y": 1 },
    { "type": "Floor", "x": 58, "y": 0 },
    { "type": "Floor", "x": 58, "y": 1 },
    { "type": "Floor", "x": 59, "y": 0 },
    { "type": "Floor", "x": 59, "y": 1 },
    { "type": "Floor", "x": 60, "y": 0 },
    { "type": "Floor", "x": 60, "y": 1 },
    { "type": "Floor", "x": 61, "y": 0 },
    { "type": "Floor", "x": 61, "y": 1 },
    { "type": "Floor", "x": 62, "y": 0 },
    { "type": "Floor", "x": 62, "y": 1 },
    { "type": "Floor", "x": 63, "y": 0 },
    { "type": "Floor", "x": 63, "y": 1 },
    { "type": "Floor", "x": 64, "y": 0 },
    { "type": "Floor", "x": 64, "y": 1 },
    { "type": "Floor", "x": 65, "y": 0 },
    { "type": "Floor", "x": 65, "y": 1 },
    { "type": "Floor", "x": 66, "y": 0 },
    { "type": "Floor", "x": 66, "y": 1 },
    { "type": "Floor", "x": 67, "y": 0 },
    { "type": "Floor", "x": 67, "y": 1 },
    { "type": "Floor", "x": 68, "y": 0 },
    { "type": "Floor", "x": 68, "y": 1 },
    { "type": "Floor", "x": 71, "y": 0 },
    { "type": "Floor", "x": 71, "y": 1 },
    { "type": "Floor", "x": 72, "y": 0 },
    { "type": "Floor", "x": 72, "y": 1 },
    { "type": "Floor", "x": 73, "y": 0 },
    { "type": "Floor", "x": 73, "y": 1 },
    { "type": "Floor", "x": 74, "y": 0 },
    { "type": "Floor", "x": 74, "y": 1 },
    { "type": "Floor", "x": 75, "y": 0 },
    { "type": "Floor", "x": 75, "y": 1 },
    { "type": "Floor", "x": 76, "y": 0 },
    { "type": "Floor", "x": 76, "y": 1 },
    { "type": "Floor", "x": 77, "y": 0 },
    { "type": "Floor", "x": 77, "y": 1 },
    { "type": "Floor", "x": 78, "y": 0 },
    { "type": "Floor", "x": 78, "y": 1 },
    { "type": "Floor", "x": 79, "y": 0 },
    { "type": "Floor", "x": 79, "y": 1 },
    { "type": "Floor", "x": 80, "y": 0 },
    { "type": "Floor", "x": 80, "y": 1 },
    { "type": "Floor", "x": 81, "y": 0 },
    { "type": "Floor", "x": 81, "y": 1 },
    { "type": "Floor", "x": 82, "y": 0 },
    { "type": "Floor", "x": 82, "y": 1 },
    { "type": "Floor", "x": 83, "y": 0 },
    { "type": "Floor", "x": 83, "y": 1 },
    { "type": "Floor", "x": 84, "y": 0 },
    { "type": "Floor", "x": 84, "y": 1 },
    { "type": "Floor", "x": 85, "y": 0 },
    { "type": "Floor", "x": 85, "y": 1 },
    { "type": "Floor", "x": 89, "y": 0 },
    { "type": "Floor", "x": 89, "y": 1 },
    { "type": "Floor", "x": 90, "y": 0 },
    { "type": "Floor", "x": 90, "y": 1 },
    { "type": "Floor", "x": 91, "y": 0 },
    { "type": "Floor", "x": 91, "y": 1 },
    { "type": "Floor", "x": 92, "y": 0 },
    { "type": "Floor", "x": 92, "y": 1 },
    { "type": "Floor", "x": 93, "y": 0 },
    { "type": "Floor", "x": 93, "y": 1 },
    { "type": "Floor", "x": 94, "y": 0 },
    { "type": "Floor", "x": 94, "y": 1 },
    { "type": "Floor", "x": 95, "y": 0 },
    { "type": "Floor", "x": 95, "y": 1 },
    { "type": "Floor", "x": 96, "y": 0 },
    { "type": "Floor", "x": 96, "y": 1 },
    { "type": "Floor", "x": 97, "y": 0 },
    { "type": "Floor", "x": 97, "y": 1 },
    { "type": "Floor", "x": 98, "y": 0 },
    { "type": "Floor", "x": 98, "y": 1 },
    { "type": "Floor", "x": 99, "y": 0 },
    { "type": "Floor", "x": 99, "y": 1 },
    { "type": "Floor", "x": 100, "y": 0 },
    { "type": "Floor", "x": 100, "y": 1 },
    { "type": "Floor", "x": 101, "y": 0 },
    { "type": "Floor", "x": 101, "y": 1 },
    { "type": "Floor", "x": 102, "y": 0 },
    { "type": "Floor", "x": 102, "y": 1 },
    { "type": "Floor", "x": 103, "y": 0 },
    { "type": "Floor", "x": 103, "y": 1 },
    { "type": "Floor", "x": 104, "y": 0 },
    { "type": "Floor", "x": 104, "y": 1 },
    { "type": "Floor", "x": 105, "y": 0 },
    { "type": "Floor", "x": 105, "y": 1 },
    { "type": "Floor", "x": 106, "y": 0 },
    { "type": "Floor", "x": 106, "y": 1 },
    { "type": "Floor", "x": 107, "y": 0 },
    { "type": "Floor", "x": 107, "y": 1 },
    { "type": "Floor", "x": 108, "y": 0 },
    { "type": "Floor", "x": 108, "y": 1 },
    { "type": "Floor", "x": 109, "y": 0 },
    { "type": "Floor", "x": 109, "y": 1 },
    { "type": "Floor", "x": 110, "y": 0 },
    { "type": "Floor", "x": 110, "y": 1 },
    { "type": "Floor", "x": 111, "y": 0 },
    { "type": "Floor", "x": 111, "y": 1 },
    { "type": "Floor", "x": 112, "y": 0 },
    { "type": "Floor", "x": 112, "y": 1 },
    { "type": "Floor", "x": 113, "y": 0 },
    { "type": "Floor", "x": 113, "y": 1 },
    { "type": "Floor", "x": 114, "y": 0 },
    { "type": "Floor", "x": 114, "y": 1 },
    { "type": "Floor", "x": 115, "y": 0 },
    { "type": "Floor", "x": 115, "y": 1 },
    { "type": "Floor", "x": 116, "y": 0 },
    { "type": "Floor", "x": 116, "y": 1 },
    { "type": "Floor", "x": 117, "y": 0 },
    { "type": "Floor", "x": 117, "y": 1 },
    { "type": "Floor", "x": 118, "y": 0 },
    { "type": "Floor", "x": 118, "y": 1 },
    { "type": "Floor", "x": 119, "y": 0 },
    { "type": "Floor", "x": 119, "y": 1 },
    { "type": "Floor", "x": 120, "y": 0 },
    { "type": "Floor", "x": 120, "y": 1 },
    { "type": "Floor", "x": 121, "y": 0 },
    { "type": "Floor", "x": 121, "y": 1 },
    { "type": "Floor", "x": 122, "y": 0 },
    { "type": "Floor", "x": 122, "y": 1 },
    { "type": "Floor", "x": 123, "y": 0 },
    { "type": "Floor", "x": 123, "y": 1 },
    { "type": "Floor", "x": 124, "y": 0 },
    { "type": "Floor", "x": 124, "y": 1 },
    { "type": "Floor", "x": 125, "y": 0 },
    { "type": "Floor", "x": 125, "y": 1 },
    { "type": "Floor", "x": 126, "y": 0 },
    { "type": "Floor", "x": 126, "y": 1 },
    { "type": "Floor", "x": 127, "y": 0 },
    { "type": "Floor", "x": 127, "y": 1 },
    { "type": "Floor", "x": 128, "y": 0 },
    { "type": "Floor", "x": 128, "y": 1 },
    { "type": "Floor", "x": 129, "y": 0 },
    { "type": "Floor", "x": 129, "y": 1 },
    { "type": "Floor", "x": 130, "y": 0 },
    { "type": "Floor", "x": 130, "y": 1 },
    { "type": "Floor", "x": 131, "y": 0 },
    { "type": "Floor", "x": 131, "y": 1 },
    { "type": "Floor", "x": 132, "y": 0 },
    { "type": "Floor", "x": 132, "y": 1 },
    { "type": "Floor", "x": 133, "y": 0 },
    { "type": "Floor", "x": 133, "y": 1 },
    { "type": "Floor", "x": 134, "y": 0 },
    { "type": "Floor", "x": 134, "y": 1 },
    { "type": "Floor", "x": 135, "y": 0 },
    { "type": "Floor", "x": 135, "y": 1 },
    { "type": "Floor", "x": 136, "y": 0 },
    { "type": "Floor", "x": 136, "y": 1 },
    { "type": "Floor", "x": 137, "y": 0 },
    { "type": "Floor", "x": 137, "y": 1 },
    { "type": "Floor", "x": 138, "y": 0 },
    { "type": "Floor", "x": 138, "y": 1 },
    { "type": "Floor", "x": 139, "y": 0 },
    { "type": "Floor", "x": 139, "y": 1 },
    { "type": "Floor", "x": 140, "y": 0 },
    { "type": "Floor", "x": 140, "y": 1 },
    { "type": "Floor", "x": 141, "y": 0 },
    { "type": "Floor", "x": 141, "y": 1 },
    { "type": "Floor", "x": 142, "y": 0 },
    { "type": "Floor", "x": 142, "y": 1 },
    { "type": "Floor", "x": 143, "y": 0 },
    { "type": "Floor", "x": 143, "y": 1 },
    { "type": "Floor", "x": 144, "y": 0 },
    { "type": "Floor", "x": 144, "y": 1 },
    { "type": "Floor", "x": 145, "y": 0 },
    { "type": "Floor", "x": 145, "y": 1 },
    { "type": "Floor", "x": 146, "y": 0 },
    { "type": "Floor", "x": 146, "y": 1 },
    { "type": "Floor", "x": 147, "y": 0 },
    { "type": "Floor", "x": 147, "y": 1 },
    { "type": "Floor", "x": 148, "y": 0 },
    { "type": "Floor", "x": 148, "y": 1 },
    { "type": "Floor", "x": 149, "y": 0 },
    { "type": "Floor", "x": 149, "y": 1 },
    { "type": "Floor", "x": 150, "y": 0 },
    { "type": "Floor", "x": 150, "y": 1 },
    { "type": "Floor", "x": 151, "y": 0 },
    { "type": "Floor", "x": 151, "y": 1 },
    { "type": "Floor", "x": 152, "y": 0 },
    { "type": "Floor", "x": 152, "y": 1 },
    { "type": "Floor", "x": 155, "y": 0 },
    { "type": "Floor", "x": 155, "y": 1 },
    { "type": "Floor", "x": 156, "y": 0 },
    { "type": "Floor", "x": 156, "y": 1 },
    { "type": "Floor", "x": 157, "y": 0 },
    { "type": "Floor", "x": 157, "y": 1 },
    { "type": "Floor", "x": 158, "y": 0 },
    { "type": "Floor", "x": 158, "y": 1 },
    { "type": "Floor", "x": 159, "y": 0 },
    { "type": "Floor", "x": 159, "y": 1 },
    { "type": "Floor", "x": 160, "y": 0 },
    { "type": "Floor", "x": 160, "y": 1 },
    { "type": "Floor", "x": 161, "y": 0 },
    { "type": "Floor", "x": 161, "y": 1 },
    { "type": "Floor", "x": 162, "y": 0 },
    { "type": "Floor", "x": 162, "y": 1 },
    { "type": "Floor", "x": 163, "y": 0 },
    { "type": "Floor", "x": 163, "y": 1 },
    { "type": "Floor", "x": 164, "y": 0 },
    { "type": "Floor", "x": 164, "y": 1 },
    { "type": "Floor", "x": 165, "y": 0 },
    { "type": "Floor", "x": 165, "y": 1 },
    { "type": "Floor", "x": 166, "y": 0 },
    { "type": "Floor", "x": 166, "y": 1 },
    { "type": "Floor", "x": 167, "y": 0 },
    { "type": "Floor", "x": 167, "y": 1 },
    { "type": "Floor", "x": 168, "y": 0 },
    { "type": "Floor", "x": 168, "y": 1 },
    { "type": "Floor", "x": 169, "y": 0 },
    { "type": "Floor", "x": 169, "y": 1 },
    { "type": "Floor", "x": 170, "y": 0 },
    { "type": "Floor", "x": 170, "y": 1 },
    { "type": "Floor", "x": 171, "y": 0 },
    { "type": "Floor", "x": 171, "y": 1 },
    { "type": "Floor", "x": 172, "y": 0 },
    { "type": "Floor", "x": 172, "y": 1 },
    { "type": "Floor", "x": 173, "y": 0 },
    { "type": "Floor", "x": 173, "y": 1 },
    { "type": "Floor", "x": 174, "y": 0 },
    { "type": "Floor", "x": 174, "y": 1 },
    { "type": "Floor", "x": 175, "y": 0 },
    { "type": "Floor", "x": 175, "y": 1 },
    { "type": "Floor", "x": 176, "y": 0 },
    { "type": "Floor", "x": 176, "y": 1 },
    { "type": "Floor", "x": 177, "y": 0 },
    { "type": "Floor", "x": 177, "y": 1 },
    { "type": "Floor", "x": 178, "y": 0 },
    { "type": "Floor", "x": 178, "y": 1 },
    { "type": "Floor", "x": 179, "y": 0 },
    { "type": "Floor", "x": 179, "y": 1 },
    { "type": "Floor", "x": 180, "y": 0 },
    { "type": "Floor", "x": 180, "y": 1 },
    { "type": "Floor", "x": 181, "y": 0 },
    { "type": "Floor", "x": 181, "y": 1 },
    { "type": "Floor", "x": 182, "y": 0 },
    { "type": "Floor", "x": 182, "y": 1 },
    { "type": "Floor", "x": 183, "y": 0 },
    { "type": "Floor", "x": 183, "y": 1 },
    { "type": "Floor", "x": 184, "y": 0 },
    { "type": "Floor", "x": 184, "y": 1 },
    { "type": "Floor", "x": 185, "y": 0 },
    { "type": "Floor", "x": 185, "y": 1 },
    { "type": "Floor", "x": 186, "y": 0 },
    { "type": "Floor", "x": 186, "y": 1 },
    { "type": "Floor", "x": 187, "y": 0 },
    { "type": "Floor", "x": 187, "y": 1 },
    { "type": "Floor", "x": 188, "y": 0 },
    { "type": "Floor", "x": 188, "y": 1 },
    { "type": "Floor", "x": 189, "y": 0 },
    { "type": "Floor", "x": 189, "y": 1 },
    { "type": "Floor", "x": 190, "y": 0 },
    { "type": "Floor", "x": 190, "y": 1 },
    { "type": "Floor", "x": 191, "y": 0 },
    { "type": "Floor", "x": 191, "y": 1 },
    { "type": "Floor", "x": 192, "y": 0 },
    { "type": "Floor", "x": 192, "y": 1 },
    { "type": "Floor", "x": 193, "y": 0 },
    { "type": "Floor", "x": 193, "y": 1 },
    { "type": "Floor", "x": 194, "y": 0 },
    { "type": "Floor", "x": 194, "y": 1 },
    { "type": "Floor", "x": 195, "y": 0 },
    { "type": "Floor", "x": 195, "y": 1 },
    { "type": "Floor", "x": 196, "y": 0 },
    { "type": "Floor", "x": 196, "y": 1 },
    { "type": "Floor", "x": 197, "y": 0 },
    { "type": "Floor", "x": 197, "y": 1 },
    { "type": "Floor", "x": 198, "y": 0 },
    { "type": "Floor", "x": 198, "y": 1 },
    { "type": "Floor", "x": 199, "y": 0 },
    { "type": "Floor", "x": 199, "y": 1 },
    { "type": "Floor", "x": 200, "y": 0 },
    { "type": "Floor", "x": 200, "y": 1 },
    { "type": "Floor", "x": 201, "y": 0 },
    { "type": "Floor", "x": 201, "y": 1 },
    { "type": "Floor", "x": 202, "y": 0 },
    { "type": "Floor", "x": 202, "y": 1 },
    { "type": "Floor", "x": 203, "y": 0 },
    { "type": "Floor", "x": 203, "y": 1 },
    { "type": "Floor", "x": 204, "y": 0 },
    { "type": "Floor", "x": 204, "y": 1 },
    { "type": "Floor", "x": 205, "y": 0 },
    { "type": "Floor", "x": 205, "y": 1 },
    { "type": "Floor", "x": 206, "y": 0 },
    { "type": "Floor", "x": 206, "y": 1 },
    { "type": "Floor", "x": 207, "y": 0 },
    { "type": "Floor", "x": 207, "y": 1 },
    { "type": "Floor", "x": 208, "y": 0 },
    { "type": "Floor", "x": 208, "y": 1 },
    { "type": "Floor", "x": 209, "y": 0 },
    { "type": "Floor", "x": 209, "y": 1 },
    { "type": "Floor", "x": 210, "y": 0 },
    { "type": "Floor", "x": 210, "y": 1 },

    { "type": "Block", "x": 16, "y": 5, "contents": [ "1up" ] },
    { "type": "Brick", "x": 20, "y": 5 },
    { "type": "Block", "x": 21, "y": 5 },
    { "type": "Brick", "x": 22, "y": 5 },
    { "type": "Block", "x": 22, "y": 9 },
    { "type": "Block", "x": 23, "y": 5 },
    { "type": "Brick", "x": 24, "y": 5 },

    { "type": "Pipe", "x": 28, "y": 2, "top": false, "left": true },
    { "type": "Pipe", "x": 28, "y": 3, "top": true, "left": true },
    { "type": "Pipe", "x": 29, "y": 2, "top": false },
    { "type": "Pipe", "x": 29, "y": 3, "top": true },

    { "type": "Pipe", "x": 38, "y": 2, "top": false, "left": true },
    { "type": "Pipe", "x": 38, "y": 3, "top": false, "left": true },
    { "type": "Pipe", "x": 38, "y": 4, "top": true, "left": true},
    { "type": "Pipe", "x": 39, "y": 2, "top": false },
    { "type": "Pipe", "x": 39, "y": 4, "top": true },
    { "type": "Pipe", "x": 39, "y": 3, "top": false },

    { "type": "Pipe", "x": 46, "y": 2, "top": false, "left": true },
    { "type": "Pipe", "x": 46, "y": 3, "top": false, "left": true },
    { "type": "Pipe", "x": 46, "y": 4, "top": false, "left": true },
    { "type": "Pipe", "x": 46, "y": 5, "top": true , "left": true},
    { "type": "Pipe", "x": 47, "y": 2, "top": false },
    { "type": "Pipe", "x": 47, "y": 3, "top": false },
    { "type": "Pipe", "x": 47, "y": 4, "top": false },
    { "type": "Pipe", "x": 47, "y": 5, "top": true },

    { "type": "Pipe", "x": 57, "y": 2, "top": false, "left": true },
    { "type": "Pipe", "x": 57, "y": 3, "top": false, "left": true },
    { "type": "Pipe", "x": 57, "y": 4, "top": false, "left": true },
    { "type": "Pipe", "x": 57, "y": 5, "top": true, "left": true},
    { "type": "Pipe", "x": 58, "y": 2, "top": false },
    { "type": "Pipe", "x": 58, "y": 3, "top": false },
    { "type": "Pipe", "x": 58, "y": 4, "top": false },
    { "type": "Pipe", "x": 58, "y": 5, "top": true },

    { "type": "Brick", "x": 77, "y": 5 },
    { "type": "Block", "x": 78, "y": 5, "contents": [ "1up" ] },
    { "type": "Brick", "x": 79, "y": 5 },

    { "type": "Brick", "x": 80, "y": 9 },
    { "type": "Brick", "x": 81, "y": 9 },
    { "type": "Brick", "x": 82, "y": 9 },
    { "type": "Brick", "x": 83, "y": 9 },
    { "type": "Brick", "x": 84, "y": 9 },
    { "type": "Brick", "x": 85, "y": 9 },
    { "type": "Brick", "x": 86, "y": 9 },
    { "type": "Brick", "x": 87, "y": 9 },

    { "type": "Brick", "x": 91, "y": 9 },
    { "type": "Brick", "x": 92, "y": 9 },
    { "type": "Brick", "x": 93, "y": 9 },
    { "type": "Brick", "x": 94, "y": 5 },
    { "type": "Block", "x": 94, "y": 9 },

    { "type": "Brick", "x": 100, "y": 5 },
    { "type": "Brick", "x": 101, "y": 5 },

    { "type": "Block", "x": 106, "y": 5 },
    { "type": "Block", "x": 109, "y": 5 },
    { "type": "Block", "x": 109, "y": 9 },
    { "type": "Block", "x": 112, "y": 5 },

    { "type": "Brick", "x": 118, "y": 5 },

    { "type": "Brick", "x": 121, "y": 9 },
    { "type": "Brick", "x": 122, "y": 9 },
    { "type": "Brick", "x": 123, "y": 9 },

    { "type": "Brick", "x": 128, "y": 9 },
    { "type": "Brick", "x": 129, "y": 5 },
    { "type": "Block", "x": 129, "y": 9 },
    { "type": "Brick", "x": 130, "y": 5 },
    { "type": "Block", "x": 130, "y": 9 },
    { "type": "Brick", "x": 131, "y": 9 },

    { "type": "Stone", "x": 134, "y": 2 },
    { "type": "Stone", "x": 135, "y": 2 },
    { "type": "Stone", "x": 135, "y": 3 },
    { "type": "Stone", "x": 136, "y": 2 },
    { "type": "Stone", "x": 136, "y": 3 },
    { "type": "Stone", "x": 136, "y": 4 },
    { "type": "Stone", "x": 137, "y": 2 },
    { "type": "Stone", "x": 137, "y": 3 },
    { "type": "Stone", "x": 137, "y": 4 },
    { "type": "Stone", "x": 137, "y": 5 },

    { "type": "Stone", "x": 140, "y": 2 },
    { "type": "Stone", "x": 140, "y": 3 },
    { "type": "Stone", "x": 140, "y": 4 },
    { "type": "Stone", "x": 140, "y": 5 },
    { "type": "Stone", "x": 141, "y": 2 },
    { "type": "Stone", "x": 141, "y": 3 },
    { "type": "Stone", "x": 141, "y": 4 },
    { "type": "Stone", "x": 142, "y": 2 },
    { "type": "Stone", "x": 142, "y": 3 },
    { "type": "Stone", "x": 143, "y": 2 },

    { "type": "Stone", "x": 148, "y": 2 },
    { "type": "Stone", "x": 149, "y": 2 },
    { "type": "Stone", "x": 149, "y": 3 },
    { "type": "Stone", "x": 150, "y": 2 },
    { "type": "Stone", "x": 150, "y": 3 },
    { "type": "Stone", "x": 150, "y": 4 },
    { "type": "Stone", "x": 151, "y": 2 },
    { "type": "Stone", "x": 151, "y": 3 },
    { "type": "Stone", "x": 151, "y": 4 },
    { "type": "Stone", "x": 151, "y": 5 },
    { "type": "Stone", "x": 152, "y": 2 },
    { "type": "Stone", "x": 152, "y": 3 },
    { "type": "Stone", "x": 152, "y": 4 },
    { "type": "Stone", "x": 152, "y": 5 },

    { "type": "Stone", "x": 155, "y": 2 },
    { "type": "Stone", "x": 155, "y": 3 },
    { "type": "Stone", "x": 155, "y": 4 },
    { "type": "Stone", "x": 155, "y": 5 },
    { "type": "Stone", "x": 156, "y": 2 },
    { "type": "Stone", "x": 156, "y": 3 },
    { "type": "Stone", "x": 156, "y": 4 },
    { "type": "Stone", "x": 157, "y": 2 },
    { "type": "Stone", "x": 157, "y": 3 },
    { "type": "Stone", "x": 158, "y": 2 },

    { "type": "Pipe", "x": 163, "y": 2, "top": false, "left": true },
    { "type": "Pipe", "x": 163, "y": 3, "top": true, "left": true},
    { "type": "Pipe", "x": 164, "y": 2, "top": false },
    { "type": "Pipe", "x": 164, "y": 3, "top": true },

    { "type": "Brick", "x": 168, "y": 5 },
    { "type": "Brick", "x": 169, "y": 5 },
    { "type": "Block", "x": 170, "y": 5 },
    { "type": "Brick", "x": 171, "y": 5 },

    { "type": "Pipe", "x": 179, "y": 2, "top": false, "left": true },
    { "type": "Pipe", "x": 179, "y": 3, "top": true, "left": true },
    { "type": "Pipe", "x": 180, "y": 2, "top": false },
    { "type": "Pipe", "x": 180, "y": 3, "top": true },
    
    { "type": "Stone", "x": 181, "y": 2 },
    { "type": "Stone", "x": 182, "y": 2 },
    { "type": "Stone", "x": 182, "y": 3 },
    { "type": "Stone", "x": 183, "y": 2 },
    { "type": "Stone", "x": 183, "y": 3 },
    { "type": "Stone", "x": 183, "y": 4 },
    { "type": "Stone", "x": 184, "y": 2 },
    { "type": "Stone", "x": 184, "y": 3 },
    { "type": "Stone", "x": 184, "y": 4 },
    { "type": "Stone", "x": 184, "y": 5 },
    { "type": "Stone", "x": 185, "y": 2 },
    { "type": "Stone", "x": 185, "y": 3 },
    { "type": "Stone", "x": 185, "y": 4 },
    { "type": "Stone", "x": 185, "y": 5 },
    { "type": "Stone", "x": 185, "y": 6 },
    { "type": "Stone", "x": 186, "y": 2 },
    { "type": "Stone", "x": 186, "y": 3 },
    { "type": "Stone", "x": 186, "y": 4 },
    { "type": "Stone", "x": 186, "y": 5 },
    { "type": "Stone", "x": 186, "y": 6 },
    { "type": "Stone", "x": 186, "y": 7 },
    { "type": "Stone", "x": 187, "y": 2 },
    { "type": "Stone", "x": 187, "y": 3 },
    { "type": "Stone", "x": 187, "y": 4 },
    { "type": "Stone", "x": 187, "y": 5 },
    { "type": "Stone", "x": 187, "y": 6 },
    { "type": "Stone", "x": 187, "y": 7 },
    { "type": "Stone", "x": 187, "y": 8 },
    { "type": "Stone", "x": 188, "y": 2 },
    { "type": "Stone", "x": 188, "y": 3 },
    { "type": "Stone", "x": 188, "y": 4 },
    { "type": "Stone", "x": 188, "y": 5 },
    { "type": "Stone", "x": 188, "y": 6 },
    { "type": "Stone", "x": 188, "y": 7 },
    { "type": "Stone", "x": 188, "y": 8 },
    { "type": "Stone", "x": 188, "y": 9 },
    { "type": "Stone", "x": 189, "y": 2 },
    { "type": "Stone", "x": 189, "y": 3 },
    { "type": "Stone", "x": 189, "y": 4 },
    { "type": "Stone", "x": 189, "y": 5 },
    { "type": "Stone", "x": 189, "y": 6 },
    { "type": "Stone", "x": 189, "y": 7 },
    { "type": "Stone", "x": 189, "y": 8 },
    { "type": "Stone", "x": 189, "y": 9 },

    { "type": "Stone", "x": 198, "y": 2 }
    
  ],
  "enemies": [
    { "type": "goomba", "x": 24, "y": 2 },
    { "type": "goomba", "x": 35, "y": 2 },
    { "type": "goomba", "x": 37, "y": 2 },
    { "type": "goomba", "x": 56, "y": 2 },
    { "type": "goomba", "x": 126, "y": 2 },
    { "type": "goomba", "x": 130, "y": 2 },
    { "type": "goomba", "x": 172, "y": 2 },
    { "type": "goomba", "x": 176, "y": 2 }
  ]
}